{"cameraMode":{"drawMode":0,"name":"Shaded","section":"Shading Mode"},"sceneLighting":true,"audioPlay":false,"sceneViewState":{"showFog":true,"showMaterialUpdate":false,"showSkybox":true,"showFlares":true,"showImageEffects":true,"showParticleSystems":true},"in2DMode":false,"pivot":{"x":1.5150659084320069,"y":4.106942176818848,"z":-1.9441661834716797},"rotation":{"x":-0.22322547435760499,"y":0.06223416328430176,"z":0.014282581396400929,"w":0.9726733565330505},"size":10.0,"orthographic":false}