{"cameraMode":{"drawMode":0,"name":"Shaded","section":"Shading Mode"},"sceneLighting":false,"audioPlay":false,"sceneViewState":{"showFog":true,"showMaterialUpdate":false,"showSkybox":false,"showFlares":true,"showImageEffects":true,"showParticleSystems":true},"in2DMode":false,"pivot":{"x":0.0,"y":-0.0668414831161499,"z":0.05995607376098633},"rotation":{"x":-0.02028729021549225,"y":-0.0997176244854927,"z":-0.0020335663575679065,"w":0.9948068857192993},"size":3.4635283946990969,"orthographic":false}